idx,title,text,rating,true,pred,correct,emotion,raw,nrc_emotion,nrc_score,llm_emotion_clean
0,Quick,Reload quick,3.0,NEUTRAL,POSITIVE,False,trust,"{""sentiment"": ""POSITIVE"", ""emotion"": ""trust""}",,0,trust
1,It was something.,It was something.,1.0,NEGATIVE,NEUTRAL,False,surprise,"{""sentiment"": ""NEUTRAL"", ""emotion"": ""surprise""}",,0,surprise
2,New mom loves it,It made a great impression and my friend remarked how adorable it looks.,5.0,POSITIVE,POSITIVE,True,joy,"{""sentiment"": ""POSITIVE"", ""emotion"": ""joy""}",joy,2,joy
3,Three Stars,"The amount purchased ia correct, but the card has swipe marks.",3.0,NEUTRAL,NEGATIVE,False,disgust,"{""sentiment"": ""NEGATIVE"", ""emotion"": ""disgust""}",,0,disgust
4,Reload,For the most part it's pretty easy sometimes it takes a little while,3.0,NEUTRAL,POSITIVE,False,trust,"{""sentiment"": ""POSITIVE"", ""emotion"": ""trust""}",anticipation,1,trust
5,Not allowed to buy gift cards?,Pretty stupid. Nobody likes products that come with caveats.,1.0,NEGATIVE,NEGATIVE,True,anger,"{""sentiment"": ""NEGATIVE"", ""emotion"": ""anger""}",anticipation,1,anger
6,I thought the $6.95 charge was excesive,The loading charge I thought was excessive,3.0,NEUTRAL,NEGATIVE,False,anger,"{""sentiment"": ""NEGATIVE"", ""emotion"": ""anger""}",anticipation,1,anger
7,Five Stars,everyone loved,5.0,POSITIVE,POSITIVE,True,joy,"{""sentiment"": ""POSITIVE"", ""emotion"": ""joy""}",,0,joy
8,Good product at a good price. Recommend.,Good product at a good price. Recommend.,3.0,NEUTRAL,POSITIVE,False,trust,"{""sentiment"": ""POSITIVE"", ""emotion"": ""trust""}",trust,3,trust
9,"Nice Product, but delivery problems","Nice product, but delivery problems",3.0,NEUTRAL,NEGATIVE,False,anger,"{""sentiment"": ""NEGATIVE"", ""emotion"": ""anger""}",anticipation,1,anger
10,Easy to give as a gift.,Gas card.,5.0,POSITIVE,POSITIVE,True,trust,"{""sentiment"": ""POSITIVE"", ""emotion"": ""trust""}",,0,trust
11,Poor security.,I did not buy this card. My account was compromised. Gave one star for poor security on Amazon’s part.,1.0,NEGATIVE,NEGATIVE,True,anger,"{""sentiment"": ""NEGATIVE"", ""emotion"": ""anger""}",trust,2,anger
12,ZERO BALANCE!!!,Fandango card was empty!,1.0,NEGATIVE,NEGATIVE,True,anger,"{""sentiment"": ""NEGATIVE"", ""emotion"": ""anger""}",,0,anger
13,.,Not packaged as described,2.0,NEGATIVE,NEGATIVE,True,anger,"{""sentiment"": ""NEGATIVE"", ""emotion"": ""anger""}",,0,anger
14,Do not recommend,The worst part is that there is no value on the card can’t tell how much each is,1.0,NEGATIVE,NEGATIVE,True,anger,"{""sentiment"": ""NEGATIVE"", ""emotion"": ""anger""}",,0,anger
15,"Iffy use,...depends on situation, check fine print",Worked fine for gas.  Did NOT work to reload my Sunpass.,3.0,NEUTRAL,NEGATIVE,False,anger,"{""sentiment"": ""NEGATIVE"", ""emotion"": ""anger""}",,0,anger
16,Easy Simple and Enjoyable,It was great 👍,5.0,POSITIVE,POSITIVE,True,joy,"{""sentiment"": ""POSITIVE"", ""emotion"": ""joy""}",,0,joy
17,OK,OK,3.0,NEUTRAL,NEUTRAL,True,trust,"{""sentiment"": ""NEUTRAL"", ""emotion"": ""trust""}",,0,trust
18,Three Stars,like,3.0,NEUTRAL,POSITIVE,False,trust,"{""sentiment"": ""POSITIVE"", ""emotion"": ""trust""}",,0,trust
19,Very simple to use and it's very quick.,"I wanted to reload on my account so I did. It was very quick and easy. I was thinking it would take more than 5 minutes, but it actually reloaded for less than 5 minutes, so they were right. I would totally use this again in the future when I need to reload on my account.",5.0,POSITIVE,POSITIVE,True,trust,"{""sentiment"": ""POSITIVE"", ""emotion"": ""trust""}",trust,2,trust
20,Activation process is a nightmare,I gave this as a gift and was embarrassed by how troublesome it was for the recipient to activate. It involved numerous phone calls and visits to the website before this could be used. Next time I am giving cash!,2.0,NEGATIVE,NEGATIVE,True,anger,"{""sentiment"": ""NEGATIVE"", ""emotion"": ""anger""}",anticipation,5,anger
21,Reload plus bonus,What’s not to like I used a visa gift card I got as a reward to reload.,5.0,POSITIVE,POSITIVE,True,joy,"{""sentiment"": ""POSITIVE"", ""emotion"": ""joy""}",anticipation,2,joy
22,Some of the card did not work when trying to enter them into my account. What do I do?,I was told some of the cards did not work. WHAT DO I DO!,2.0,NEGATIVE,NEGATIVE,True,anger,"{""sentiment"": ""NEGATIVE"", ""emotion"": ""anger""}",,0,anger
23,Good,Good,5.0,POSITIVE,POSITIVE,True,joy,"{""sentiment"": ""POSITIVE"", ""emotion"": ""joy""}",anticipation,1,joy
24,Classy Gift card in a holiday Box,Perfect for holiday gift giving in a premium gift box.,5.0,POSITIVE,POSITIVE,True,joy,"{""sentiment"": ""POSITIVE"", ""emotion"": ""joy""}",anticipation,4,joy
25,Great small gift,These are great for small gifts for customers. I put one in a card and everyone is thrilled to get them.,5.0,POSITIVE,POSITIVE,True,joy,"{""sentiment"": ""POSITIVE"", ""emotion"": ""joy""}",,0,joy
26,arrived fast!,Always love a gift card!,5.0,POSITIVE,POSITIVE,True,joy,"{""sentiment"": ""POSITIVE"", ""emotion"": ""joy""}",joy,2,joy
27,Didn’t have to go anywhere got it the next day,Easy,5.0,POSITIVE,POSITIVE,True,joy,"{""sentiment"": ""POSITIVE"", ""emotion"": ""joy""}",,0,joy
28,Cheap card. Nice tin,The card inside was cheap. I didn’t realize it was a paper card and not a plastic one. Better off getting a card at the store.,2.0,NEGATIVE,NEGATIVE,True,sadness,"{""sentiment"": ""NEGATIVE"", ""emotion"": ""sadness""}",anticipation,1,sadness
29,One Star,I never received these gift cards.,1.0,NEGATIVE,NEGATIVE,True,anger,"{""sentiment"": ""NEGATIVE"", ""emotion"": ""anger""}",anticipation,1,anger
30,One card was redeemed.,"It's a shame but I ordered $250 worth of Uber Eats - $50 - 5 cards.  When we went to use one of the cards, it was rejected because it said it had already been redeemed.  I don't know how this could happen.",1.0,NEGATIVE,NEGATIVE,True,sadness,"{""sentiment"": ""NEGATIVE"", ""emotion"": ""sadness""}",anticipation,1,sadness
31,Beware of scatching,Scratched off back and 2 letters or numbers were removed as well ..,1.0,NEGATIVE,NEGATIVE,True,anger,"{""sentiment"": ""NEGATIVE"", ""emotion"": ""anger""}",,0,anger
32,Quick Shipping but..,I'm just frustrated that I couldn't add it to my Apple Pay wallet. It's not compatible in that way. There were times that my husband had the card and I needed it so it would have been super convenient if I were able to add it to my phone wallet.,3.0,NEUTRAL,NEGATIVE,False,anger,"{""sentiment"": ""NEGATIVE"", ""emotion"": ""anger""}",anger,1,anger
33,Paper gift card - boo,Holder  is perfect. Gift card that came was paper with a sticker on the back. The claim code is permanently adhered to the back of the sticker. I guessed a few letters of it and contacted Amazon hoping they would credit the amount to my account. It is for $50 I certainly hope they give it to me!,1.0,NEGATIVE,NEGATIVE,True,sadness,"{""sentiment"": ""NEGATIVE"", ""emotion"": ""sadness""}",trust,4,sadness
34,Don't use it,"After two days I still haven't got my credit on my gift card, still shows a balance of zero. Within 5 minutes, that's a joke.",1.0,NEGATIVE,NEGATIVE,True,anger,"{""sentiment"": ""NEGATIVE"", ""emotion"": ""anger""}",anticipation,1,anger
35,Five Stars,Can't go wrong with a $25 dollar gift card,5.0,POSITIVE,POSITIVE,True,trust,"{""sentiment"": ""POSITIVE"", ""emotion"": ""trust""}",anticipation,1,trust
36,It is a card.,"The presentation seemed kind of cheesy and Christmasy. Other than that, it is a card. Nothing too exciting or disappointing.",3.0,NEUTRAL,NEUTRAL,True,trust,"{""sentiment"": ""NEUTRAL"", ""emotion"": ""trust""}",joy,2,trust
37,Never got,Never got the $10,1.0,NEGATIVE,NEGATIVE,True,anger,"{""sentiment"": ""NEGATIVE"", ""emotion"": ""anger""}",,0,anger
38,loading from a debit card randomly doesn't work,"loading from a debit card randomly doesn't work with very unhelpful message, that is hard to understand and take action on",1.0,NEGATIVE,NEGATIVE,True,anger,"{""sentiment"": ""NEGATIVE"", ""emotion"": ""anger""}",surprise,1,anger
39,not useful to add to apple wallet,Bought this for my daughters apple wallet so she did not have to worry about losing a credit card. Complete waste of time,1.0,NEGATIVE,NEGATIVE,True,anger,"{""sentiment"": ""NEGATIVE"", ""emotion"": ""anger""}",anticipation,2,anger
40,Search for coupon to get free money!,Who doesn't love getting some free money when you reload your cards?,5.0,POSITIVE,POSITIVE,True,joy,"{""sentiment"": ""POSITIVE"", ""emotion"": ""joy""}",joy,2,joy
41,Did what any Giftcard does,"Came on time, worked, not much else to say.",3.0,NEUTRAL,NEUTRAL,True,trust,"{""sentiment"": ""NEUTRAL"", ""emotion"": ""trust""}",anticipation,1,trust
42,Three Stars,Really not all that impressed,3.0,NEUTRAL,NEGATIVE,False,sadness,"{""sentiment"": ""NEGATIVE"", ""emotion"": ""sadness""}",,0,sadness
43,"Poorly done UI interface, no way to undo","First of all, I really don't like that they default the value to $100. I accidentally ordered a $100 gift card because of this.<br />Second, I tried adding a new card, and missed seeing the second 'Add card' button. (why should I have to click the words 'Add card' two times?) There is no way to cancel the order like other kinds of orders, since they are so happy to take the money it processes instantly. No confirmation page like when ordering off a shopping cart.",2.0,NEGATIVE,NEGATIVE,True,anger,"{""sentiment"": ""NEGATIVE"", ""emotion"": ""anger""}",anticipation,4,anger
44,Told How To Pay,"Buy e-books when an e-gift card is loaded to your account, and that is how you are going to be forced to pay for it. Doesn't matter if you have a bonus category credit card you'd prefer to use.",1.0,NEGATIVE,NEGATIVE,True,anger,"{""sentiment"": ""NEGATIVE"", ""emotion"": ""anger""}",trust,4,anger
45,""" FROM WHO ??? """,No Message of To /From ! Left in Drive Way ! Process seems poorly set up !,3.0,NEUTRAL,NEGATIVE,False,anger,"{""sentiment"": ""NEGATIVE"", ""emotion"": ""anger""}",,0,anger
46,Well.  It’s my money so it’s pretty cool.,I used my own money to add to.. my......  own account.  I mean...  I guess this is a reviewable item?,5.0,POSITIVE,NEUTRAL,False,surprise,"{""sentiment"": ""NEUTRAL"", ""emotion"": ""surprise""}",surprise,2,surprise
47,Fast shipping!,"Fast shipping! Great, easy gift for last minute. My dad loved receiving this.",5.0,POSITIVE,POSITIVE,True,joy,"{""sentiment"": ""POSITIVE"", ""emotion"": ""joy""}",anticipation,2,joy
48,Easy to do but very slow.,Worked well but it was very slow took several days to show the balance.,3.0,NEUTRAL,NEGATIVE,False,anger,"{""sentiment"": ""NEGATIVE"", ""emotion"": ""anger""}",trust,1,anger
49,Perfect to give as gift,"It's a gift card....,what more is there to say ?",5.0,POSITIVE,POSITIVE,True,joy,"{""sentiment"": ""POSITIVE"", ""emotion"": ""joy""}",anticipation,1,joy
50,amount of gift card not printed,The amount of the gift was not printed on the card so I enclosed a note.  Past orders have had the amount on the card.  The graduation box is great.,3.0,NEUTRAL,NEGATIVE,False,sadness,"{""sentiment"": ""NEGATIVE"", ""emotion"": ""sadness""}",anticipation,2,sadness
51,Just what I wanted,Came fast and as expected.,5.0,POSITIVE,POSITIVE,True,trust,"{""sentiment"": ""POSITIVE"", ""emotion"": ""trust""}",anticipation,1,trust
52,Gift message not included.,I ordered this as a graduation gift and wrote my gift note to be included with the package and it was not included. Very disappointing,3.0,NEUTRAL,NEGATIVE,False,sadness,"{""sentiment"": ""NEGATIVE"", ""emotion"": ""sadness""}",anticipation,3,sadness
53,Money getter,It’s difficult,1.0,NEGATIVE,NEGATIVE,True,sadness,"{""sentiment"": ""NEGATIVE"", ""emotion"": ""sadness""}",fear,1,sadness
54,Perfect gift,This was a perfect gift for my granddaughter.,5.0,POSITIVE,POSITIVE,True,joy,"{""sentiment"": ""POSITIVE"", ""emotion"": ""joy""}",anticipation,2,joy
55,"If you're a patient person who doesn't mind, confusing, complicated, & difficult transactions, these are the giftcards for you!","Be prepared that very few people at Hyatt know how these giftcards work.  I've tried to use several giftcards at several locations on several different occasions, and each time, every Hyatt employee I've encountered (over the phone or in person) have to put me on hold and call corporate to figure out how to redeem them.  I'm literally sitting on hold right now trying to book an advanced reservation with one now and they can't seem to figure out how to apply a $100 gift card to a $500 reservation.  (15 minutes and counting).  This is the third time I've tried to use it.  The answer I just received is &#34;you can't use a gift card on an advanced booking rate&#34;----different answers with different hotels.  When I call the same hotel later tonight, I will get a different answer.  At a different hotel 2 months ago, they nearly lost their minds because first they said you couldn't use them in international hotels (wrong) and then they said you can only use one gift card per stay (also wrong---after calling corporate for 1 hour, they took them all).  Long story short:  you will experience resistance, confusion, and stress every time you try to use one---especially if you try to use more than one.  One thing to keep in mind:  The FULL balance of your giftcard has to be used---ie:  if you have a $200 balance and your booking is only $100, you will not be able to use the giftcard.  Your giftcard will pay for anything on your folio, however (ie:  spa treatments, meals, room service, etc).  Hope this helps.",3.0,NEUTRAL,NEGATIVE,False,anger,"{""sentiment"": ""NEGATIVE"", ""emotion"": ""anger""}",anticipation,11,anger
56,Issued unload and activated,I am not impressed to say the least.... ordered 2 and one came not loaded or activated. Quite embarrassing when it was given as a gift. Should be a simple task to activate and send?  Customer severe couldn't correct the problem,1.0,NEGATIVE,NEGATIVE,True,anger,"{""sentiment"": ""NEGATIVE"", ""emotion"": ""anger""}",anticipation,1,anger
57,Poop,Make it easier to find the amount on gift cards,1.0,NEGATIVE,NEGATIVE,True,disgust,"{""sentiment"": ""NEGATIVE"", ""emotion"": ""disgust""}",anticipation,1,disgust
58,No activation code sent.,Not able to use the Master Card $25.00 card without the activation code.<br />Would just like to get the code so it can be used.<br />So far no communication at all.,1.0,NEGATIVE,NEGATIVE,True,anger,"{""sentiment"": ""NEGATIVE"", ""emotion"": ""anger""}",trust,1,anger
59,Baby gift card,I wish Amazon had a metal gift box for baby gift cards like they do for birthdays.,3.0,NEUTRAL,NEUTRAL,True,anticipation,"{""sentiment"": ""NEUTRAL"", ""emotion"": ""anticipation""}",joy,3,anticipation
60,Five Stars,Fast shipping and great for a gift idea.,5.0,POSITIVE,POSITIVE,True,joy,"{""sentiment"": ""POSITIVE"", ""emotion"": ""joy""}",anticipation,1,joy
61,Not ok,When it got to me after paying $105 there was no money on it,1.0,NEGATIVE,NEGATIVE,True,anger,"{""sentiment"": ""NEGATIVE"", ""emotion"": ""anger""}",anger,1,anger
62,Complete scam,This was the worst gift card I bought for anyone. I got it for a friend and upon verifying it and buying a cup of coffee and the rest of the money was PayPaled to someone’s account!!!<br />Be careful!!<br /><br />NEVER BUYING AGAIN AND WONT RECOMMEND<br />TRIED CALLING THE NUMBER ON THE BACK AND EMAILING WITH NO USE,1.0,NEGATIVE,NEGATIVE,True,anger,"{""sentiment"": ""NEGATIVE"", ""emotion"": ""anger""}",trust,4,anger
63,Payless is in Bankrupty - the gift card cannot be used online,"I purchased a $25.00  Payless Gift card for a relative as part of her Birthday gift. There was no attempt to use this card until approximately one month ago. My relative began searching for shoes online and found several pairs of shoes that she liked and was ready to order when she noticed that Payless did &#34;not&#34; have the option to use its gift card for a purchase.  We felt that this was a glitch or technical issue with the website that went on for several weeks.  During the middle of last week, my relative found 4 pairs of shoes that she wanted to order using the gift card and her Visa but she could not because there was &#34;still&#34; no option to enter Payless Gift Card information.  My relative called customer service to find out if they could place a phone order for the online order.  The answer was a clear &#34;No. 'She kept waiting and attempting until finally calling Customer Service yesterday.  The representative was rude and did not offer any remedy for the situation.  My relative went into Payless in our town 2X's attempting to find the same style without success except for one of the pairs of shoes which would have cost much more in the store.  Online there was an initial sale plus she had a code to use for another 20% off.  These discounts were not available in the brick and mortar store.  It should not have been this difficult for Payless to turn this situation around.  The Payless Gift Card clearly states that it can be used in store and online.",1.0,NEGATIVE,NEGATIVE,True,anger,"{""sentiment"": ""NEGATIVE"", ""emotion"": ""anger""}",anticipation,15,anger
64,Three Stars,ok,3.0,NEUTRAL,NEUTRAL,True,trust,"{""sentiment"": ""NEUTRAL"", ""emotion"": ""trust""}",,0,trust
65,outback going downhill,seating was torn with stuffing sticking out . steak was tough and inedible . Shrimp was floating in grease,1.0,NEGATIVE,NEGATIVE,True,disgust,"{""sentiment"": ""NEGATIVE"", ""emotion"": ""disgust""}",sadness,1,disgust
66,I am not get $5 gift for my first gift card,I am not get $5 gift for my first gift card,3.0,NEUTRAL,NEGATIVE,False,anger,"{""sentiment"": ""NEGATIVE"", ""emotion"": ""anger""}",anticipation,2,anger
67,Five Stars,Very easy to do,5.0,POSITIVE,POSITIVE,True,joy,"{""sentiment"": ""POSITIVE"", ""emotion"": ""joy""}",,0,joy
68,A gift for my daughter,Purchased for a gift for my daughter for Mother's day. She received it ok. No problem.,1.0,NEGATIVE,NEUTRAL,False,trust,"{""sentiment"": ""NEUTRAL"", ""emotion"": ""trust""}",joy,2,trust
69,No se a podido utilizar,Nose que paso que  el primer día apareció el saldo y luego se desapareció,3.0,NEUTRAL,NEGATIVE,False,anger,"{""sentiment"": ""NEGATIVE"", ""emotion"": ""anger""}",disgust,1,anger
70,Easy,Very easy to use,5.0,POSITIVE,POSITIVE,True,joy,"{""sentiment"": ""POSITIVE"", ""emotion"": ""joy""}",,0,joy
71,Zero Balance Cards,I ordered a large qty of these cards for holiday gifts for clients. All the cards from my order have come up as invalid when trying to be redeemed by my clients. I have contacted Amazon customer service multiple times and have not received any follow up on having this issue resolved or credited.,1.0,NEGATIVE,NEGATIVE,True,anger,"{""sentiment"": ""NEGATIVE"", ""emotion"": ""anger""}",anticipation,1,anger
72,Easy,Very convent in emergency’s,5.0,POSITIVE,POSITIVE,True,trust,"{""sentiment"": ""POSITIVE"", ""emotion"": ""trust""}",fear,1,trust
73,Great gift,Many choices for use,5.0,POSITIVE,POSITIVE,True,joy,"{""sentiment"": ""POSITIVE"", ""emotion"": ""joy""}",,0,joy
74,Cannot use for all Amazon services!!,"This card was purchased for the purpose of paying my Prime subscription and Prime Video Channels monthly fee.  Although I had enough on my gift card to cover the fees, my subscriptions were suspended because the fees must be paid by credit card or check.  Really???  This doesn't make sense, but I confirmed it while chatting with an Amazon rep.  I'd like to know the reasoning behind this decision.",3.0,NEUTRAL,NEGATIVE,False,anger,"{""sentiment"": ""NEGATIVE"", ""emotion"": ""anger""}",trust,3,anger
75,Make sure you order the gift card of your choice,"Cute Amazon box, but not the gift box I chose<br />I ordered the gold gift box with gift card as a wedding anniversary gift for someone.<br />I ended up with a plain cute smile mail box instead. there was no gift receipt in the box so they had no idea who sent it. The gift card did work though.",3.0,NEUTRAL,NEGATIVE,False,sadness,"{""sentiment"": ""NEGATIVE"", ""emotion"": ""sadness""}",anticipation,7,sadness
76,Perfect gift,Love sending gift cards to people for different holidays<br />Gets there fast,5.0,POSITIVE,POSITIVE,True,joy,"{""sentiment"": ""POSITIVE"", ""emotion"": ""joy""}",joy,2,joy
77,Where Was The Personal Message?,"It is a gift card so there is not a lot to review there.  However, it has you fill out a section for the personal note which I did on two cards that I bought, nothing showed up. What was the point in having me fill out that section if they were not going to bother putting the note on there?. I had the cards shipped to me and then sent them out.  If they had gone straight to the giftee, they would not have had a clue who they were from.  So those shipping to the receiptant beward of that!  Other than that, they are cute cards and were shipped next day.  They were much appreicated after I wrote the personal message myself!",3.0,NEUTRAL,NEGATIVE,False,anger,"{""sentiment"": ""NEGATIVE"", ""emotion"": ""anger""}",trust,4,anger
78,Card doesn't work,Issue with cards not working.,1.0,NEGATIVE,NEGATIVE,True,anger,"{""sentiment"": ""NEGATIVE"", ""emotion"": ""anger""}",,0,anger
79,Debit over credit gift card ?,Limited use,3.0,NEUTRAL,NEGATIVE,False,sadness,"{""sentiment"": ""NEGATIVE"", ""emotion"": ""sadness""}",anger,1,sadness
80,Five Stars,Love It!,5.0,POSITIVE,POSITIVE,True,joy,"{""sentiment"": ""POSITIVE"", ""emotion"": ""joy""}",joy,1,joy
81,Not recommended at all.,Not recommended at all.,1.0,NEGATIVE,NEGATIVE,True,anger,"{""sentiment"": ""NEGATIVE"", ""emotion"": ""anger""}",,0,anger
82,Red Robin has poor customer service,"Received gift card from my daughter, followed instructions on gift card and took the card to the red robin and presented to cashier would not accept card, who then called manager who said I needed a pin number. I called amazon who intern gave me a number to call at red robin, who forward to me of two more more numbers to call at red robin with the same results, no call back or no one helpful to resolve this problem. Red Robin has poor customer service.",1.0,NEGATIVE,NEGATIVE,True,anger,"{""sentiment"": ""NEGATIVE"", ""emotion"": ""anger""}",joy,4,anger
83,Easy to use,Easy to use and send.,3.0,NEUTRAL,POSITIVE,False,trust,"{""sentiment"": ""POSITIVE"", ""emotion"": ""trust""}",,0,trust
84,Lost $100.00,It did not work. I lost the money. Lost,3.0,NEUTRAL,NEGATIVE,False,anger,"{""sentiment"": ""NEGATIVE"", ""emotion"": ""anger""}",sadness,2,anger
85,arrived damaged,"The card box arrived squished. The corner of the box is ripped. The card inside is made out of carton, not plastic and there is no value printed on the card.",2.0,NEGATIVE,NEGATIVE,True,anger,"{""sentiment"": ""NEGATIVE"", ""emotion"": ""anger""}",,0,anger
86,Beautiful gold box,[[VIDEOID:9098c02c1b448bb11a86ec1623915b01]] Makes gift card a gift,5.0,POSITIVE,POSITIVE,True,joy,"{""sentiment"": ""POSITIVE"", ""emotion"": ""joy""}",anticipation,2,joy
87,If it is a gift maybe go into the store,"The gift card works fine and the convenience was amazing. The condition of the gift card after it arrived....not so much. To use my daughters words, they dropped it on the ground and then walked on it all day, picked it up and shoved it in the packaging without even wiping it off.",2.0,NEGATIVE,NEGATIVE,True,disgust,"{""sentiment"": ""NEGATIVE"", ""emotion"": ""disgust""}",anticipation,2,disgust
88,Don't order multiple cards at the same time,"Stick to one card per order. I ordered 5. They don't list the value on the card or the packaging, so you can't tell which is which. There was also no packing slip giving me any information. The gift card packaging says ""To check the purchased value of the gift card(s), simply match the last 4 digits of the serial number on the back of the gift card to those listed on www.amazon.com/yourorders."". When going into ""your orders"" on the app or the mobile website, the information is not available. It doesn't give a breakdown of each Amazon card individually. You must visit the website on a laptop or desktop to access the info. Please simplify this process.",2.0,NEGATIVE,NEGATIVE,True,anger,"{""sentiment"": ""NEGATIVE"", ""emotion"": ""anger""}",anticipation,6,anger
89,Box Review,This review is for the gift box. It is beautiful but very hard to open. I ordered two of them and both had the same issue. You have to force them open and then it is very difficult to get the box to fit back together.,3.0,NEUTRAL,NEGATIVE,False,anger,"{""sentiment"": ""NEGATIVE"", ""emotion"": ""anger""}",fear,2,anger
90,Three Stars,Little disappointed because the movie could only be used at one location In Oklahoma city,3.0,NEUTRAL,NEGATIVE,False,sadness,"{""sentiment"": ""NEGATIVE"", ""emotion"": ""sadness""}",anger,1,sadness
91,Five Stars,"Quickly received, no surprises",5.0,POSITIVE,POSITIVE,True,trust,"{""sentiment"": ""POSITIVE"", ""emotion"": ""trust""}",,0,trust
92,It's a gift card.......,Like I said - It's a gift card.......,3.0,NEUTRAL,NEUTRAL,True,trust,"{""sentiment"": ""NEUTRAL"", ""emotion"": ""trust""}",anticipation,1,trust
93,LOVE this unique way to give a gift card.,Not only can you get someone a gift card - but it comes with an additional gift - a felt ornament. Getting Christmas gifts for extended family is so time consuming and wasteful. Gift cards & the ability to buy literally anything on Amazon is so convenient and appreciated by people. Definitely recommend this one out of other available cards because it comes with a cute ornament that looks great on a tree!,5.0,POSITIVE,POSITIVE,True,joy,"{""sentiment"": ""POSITIVE"", ""emotion"": ""joy""}",anticipation,5,joy
94,Issue in distinguishing,"I ordered few cards of $25 and few of $50, all looks alike and came in same package. How to distinguish?",4.0,POSITIVE,NEGATIVE,False,anger,"{""sentiment"": ""NEGATIVE"", ""emotion"": ""anger""}",,0,anger
95,Slow Shipping,"It’s a gift card so nothing to really rate, but I’m withholding 2 stars because shipping took forever.",3.0,NEUTRAL,NEGATIVE,False,anger,"{""sentiment"": ""NEGATIVE"", ""emotion"": ""anger""}",anticipation,1,anger
96,One Star,"Showed up not loaded, Amazin could care less!",1.0,NEGATIVE,NEGATIVE,True,anger,"{""sentiment"": ""NEGATIVE"", ""emotion"": ""anger""}",,0,anger
97,getting out,i got into a nightmare. once you are in - you are in. it goes against my will. i want out and it seems impossible. enter at your own risk,1.0,NEGATIVE,NEGATIVE,True,fear,"{""sentiment"": ""NEGATIVE"", ""emotion"": ""fear""}",fear,2,fear
98,Yummm,Kids love Red Robin.,5.0,POSITIVE,POSITIVE,True,joy,"{""sentiment"": ""POSITIVE"", ""emotion"": ""joy""}",joy,1,joy
99,Snow Flake Gift Box,The snow flake gift box (and the gift card inside!) got a big smile from my nephew when we opened it at Christmas.,5.0,POSITIVE,POSITIVE,True,joy,"{""sentiment"": ""POSITIVE"", ""emotion"": ""joy""}",joy,3,joy
100,Gift card that arrived had zero balance,When the recipient of this card attempted to use it there was zero balance on it and the gift card was not able to be used.,1.0,NEGATIVE,NEGATIVE,True,anger,"{""sentiment"": ""NEGATIVE"", ""emotion"": ""anger""}",anticipation,2,anger
101,Need to know who the gift is for and who it's from,"A gift card is relatively easy gift to provide.  The only real issue is to know who it's going to and who it's from.  I recently sent my 6 year old grand niece a gift card.  When I sent the gift card I marked it as a gift and added a note.  There are multiple birthdays in this month, but unfortunately when the gift card arrived, no one was able to determine who the gift card was for or who it came from.  Something so simple, but messed up.  We asked her mom if they had received it and she said yes, but they too did not know who it was for or who sent it.  In the end, the mystery was solved, but a little more attention to details would  be nice.",2.0,NEGATIVE,NEGATIVE,True,anger,"{""sentiment"": ""NEGATIVE"", ""emotion"": ""anger""}",anticipation,8,anger
102,"THIEVES! Steal your money for ""not activated""","Took my money instantly. ""Not activated."" Zero help from Amazon, sent me to various departments. Talked with sweet people, who have no answers. READ the reviews. These people are telling the truth. NO response from Texas Roadhouse. WASTE OF MONEY and I'm angry.",1.0,NEGATIVE,NEGATIVE,True,anger,"{""sentiment"": ""NEGATIVE"", ""emotion"": ""anger""}",trust,4,anger
103,came damaged,"The gift card came dinged and damaged, no way was suitable for gift giving. It was shipped in a box so it was damaged before I even got it so poor quality control. I ended up using it myself and bought a new one at a local store in better shape for the gift.",3.0,NEUTRAL,NEGATIVE,False,anger,"{""sentiment"": ""NEGATIVE"", ""emotion"": ""anger""}",anticipation,4,anger
104,Love it',Like,5.0,POSITIVE,POSITIVE,True,joy,"{""sentiment"": ""POSITIVE"", ""emotion"": ""joy""}",,0,joy
105,VERY DISSAPOINTED IN AMAZON,Dont buy gift cards from Amazon.  I tried all five of the cards and  the  16 numbers if each if five  cards COULD NOT BE SCANNED OR ENTERED.  GIFT CARDS ARENT RETURNABLE TO AMAZON.<br />The reveal card is great but the gift card doesnt work.,1.0,NEGATIVE,NEGATIVE,True,anger,"{""sentiment"": ""NEGATIVE"", ""emotion"": ""anger""}",anticipation,3,anger
106,Nice little tin box,"It comes with a nice little tin box which can be used for other stuff (i.e. card storage, etc)",5.0,POSITIVE,POSITIVE,True,joy,"{""sentiment"": ""POSITIVE"", ""emotion"": ""joy""}",,0,joy
107,Gift Card,We love Roosters!,5.0,POSITIVE,POSITIVE,True,joy,"{""sentiment"": ""POSITIVE"", ""emotion"": ""joy""}",joy,1,joy
108,I made a selection error but tried to change it ...,"I made a selection error but tried to change it but unable to, so I was not able to take advantage of the offer.",2.0,NEGATIVE,NEGATIVE,True,sadness,"{""sentiment"": ""NEGATIVE"", ""emotion"": ""sadness""}",sadness,2,sadness
109,Card did not come with the note I requested.,"Card did not come with the note I requested, and small corner of peel off section to reveal code is missing, not sure why.  And the card does not indicate how much is on it.  It is a gift for someone so all the above is very annoying, and not good customer service.  Seems to be no way to check the value of the card (making sure it actually has the value stated loaded on it), before I give to the recipient.  Amazon just seems to have option to load it on to my own account which I do not want to do.",3.0,NEUTRAL,NEGATIVE,False,anger,"{""sentiment"": ""NEGATIVE"", ""emotion"": ""anger""}",anticipation,3,anger
110,Giftable but not easy to add to wallet.,It is not easy to use. I cannot add to my Google wallet. So I would avoid it.,3.0,NEUTRAL,NEGATIVE,False,anger,"{""sentiment"":""NEGATIVE"",""emotion"":""anger""}",fear,1,anger
111,amount balance,Easy to use,5.0,POSITIVE,POSITIVE,True,trust,"{""sentiment"": ""POSITIVE"", ""emotion"": ""trust""}",,0,trust
112,gift card,Because I think the description of the product was wrong I am not sure either of the people I bought these gift cards for have an Amazon account,3.0,NEUTRAL,NEGATIVE,False,sadness,"{""sentiment"": ""NEGATIVE"", ""emotion"": ""sadness""}",anticipation,1,sadness
113,cute container,The cupcake holder for the gift card really added to the appeal of the card!,5.0,POSITIVE,POSITIVE,True,joy,"{""sentiment"": ""POSITIVE"", ""emotion"": ""joy""}",anticipation,2,joy
114,gross USED gift card,The carboard the card was attached to was ripped and the card definitely has swipe marks.  Not exactly what you want in something you are planning on giving as a gift.,1.0,NEGATIVE,NEGATIVE,True,disgust,"{""sentiment"": ""NEGATIVE"", ""emotion"": ""disgust""}",anticipation,2,disgust
115,Easy Peasy,Very easy to add money to my account and I got a bonus for doing so.,5.0,POSITIVE,POSITIVE,True,joy,"{""sentiment"": ""POSITIVE"", ""emotion"": ""joy""}",anticipation,2,joy
116,"Arrived heavily dent, feel embarrassed to gift away","Arrived heavily dent, feel embarrassed to gift away",3.0,NEUTRAL,NEGATIVE,False,sadness,"{""sentiment"": ""NEGATIVE"", ""emotion"": ""sadness""}",anticipation,1,sadness
117,Five Stars,Awesome gift package for the price! Definitely recommend in a pinch!!!!,5.0,POSITIVE,POSITIVE,True,joy,"{""sentiment"": ""POSITIVE"", ""emotion"": ""joy""}",anticipation,1,joy
118,Old glue caused the card to detach,The Actual card came detached from the cardboard.  Old glue maybe?,3.0,NEUTRAL,NEGATIVE,False,sadness,"{""sentiment"": ""NEGATIVE"", ""emotion"": ""sadness""}",,0,sadness
119,Nice,Perfect as a gift for a graduate.,3.0,NEUTRAL,POSITIVE,False,joy,"{""sentiment"": ""POSITIVE"", ""emotion"": ""joy""}",anticipation,2,joy
120,Paper gift card,"Beautiful box, but paper gift card inside box looked like it had been folded in half.",3.0,NEUTRAL,NEGATIVE,False,sadness,"{""sentiment"": ""NEGATIVE"", ""emotion"": ""sadness""}",joy,2,sadness
121,Disappointed,"I ordered a gift card with a father's day card attached, and the envelope came sealed so I couldn't use it, and the card has a tear on the inside. Very disappointing considering it is a Father's Day gift!",2.0,NEGATIVE,NEGATIVE,True,sadness,"{""sentiment"": ""NEGATIVE"", ""emotion"": ""sadness""}",anticipation,2,sadness
122,Easy to give someone you care about,Was a birthday present for my new son-in-law. He was really appreciated it.,3.0,NEUTRAL,POSITIVE,False,joy,"{""sentiment"":""POSITIVE"",""emotion"":""joy""}",anticipation,2,joy
123,Tricky Checkout,I purchase this by accident.  Be careful when you order anything from Amazon.  Check out is a little tricky.,3.0,NEUTRAL,NEGATIVE,False,surprise,"{""sentiment"": ""NEGATIVE"", ""emotion"": ""surprise""}",fear,1,surprise
124,Step Father's Gift Cards Stolen,"I have purchased so many gift cards over the years and now the one thing has happened that always makes me think twice about ordering gift cards. The $50 gift card that I purchased for my Step Father was stolen out of his car. Unfortunately, he had all 3 gift cards (2 thru Amazon & 1 directly from Olive Garden) he received as presents for his birthday in the same place & all were taken.  I feel really bad, but I don't think there is anything that can be done.",1.0,NEGATIVE,NEGATIVE,True,sadness,"{""sentiment"": ""NEGATIVE"", ""emotion"": ""sadness""}",joy,6,sadness
125,It's a gift card,It's a gift card...don't understand why you are charged an activation fee...other sites have them without one,3.0,NEUTRAL,NEGATIVE,False,anger,"{""sentiment"": ""NEGATIVE"", ""emotion"": ""anger""}",anger,1,anger
126,It worked!,I tried to buy off microsoft store but it wasn't accepting my card. I bought this through amazon and it worked,5.0,POSITIVE,POSITIVE,True,joy,"{""sentiment"": ""POSITIVE"", ""emotion"": ""joy""}",anticipation,1,joy
127,Totally worth the $25,"You want me to write a review for this? Ok. I really wanted $26 but got the $25 I was told I would get if I spent $25 on it. Oh well. I guy can hope. The real question is if it worked at the restaurant or not. It was a gift for someone else so as far as I'm concerned, A+ on my end.",5.0,POSITIVE,POSITIVE,True,joy,"{""sentiment"": ""POSITIVE"", ""emotion"": ""joy""}",anticipation,2,joy
128,****BIG SCAM*** DONT BUY****,Not working at any of the stores mentioned. Cannot reach Customer Support. Gift card is not returnable at Amazon.<br /><br />BIG SCAM....stay away from buying this card.,1.0,NEGATIVE,NEGATIVE,True,anger,"{""sentiment"": ""NEGATIVE"", ""emotion"": ""anger""}",anticipation,1,anger
129,How to use and redeem,"I do not understand how this works, confusing to me.",3.0,NEUTRAL,NEGATIVE,False,anger,"We need to output JSON with sentiment and emotion. Review: ""I do not understand how this works, confusing to me."" This is negative sentiment. Emotion: confusion is not in list, but closest is sadness? Or maybe fear? Actually confusion often relates to frustration, but primary emotion could be sadness or anger? Let's think. The user expresses confusion, which is a cognitive state. In terms of basic emotions, confusion might be associated with surprise or fear? But the list includes anticipation, etc. Typically confusion is not an emotion but a state. However, we need to pick one. The sentiment is clearly negative. For emotion, ""confusing"" might lead to frustration, which is anger. But the text says ""I do not understand"" - that could be sadness or fear? Let's see common emotion classification: confusion often maps to surprise or fear. But given the options, I'd choose ""sadness"" as a safe negative emotion? Or ""anger"" because frustration. Let's analyze: The customer is expressing difficulty, not strong anger. It's more like disappointment or frustration. I think ""sadness"" is not accurate. ""Fear"" of not being able to use? Possibly. But the dominant emotion is confusion, which is not in the list. We need to pick the closest. In many sentiment analysis tasks, confusion is often categorized as negative with emotion ""fear"" or ""sadness"". However, I recall that in some emotion models, confusion is related to ""surprise"" because it's a state of uncertainty. But surprise can be positive or negative. Here it's negative. Let's see the instruction: ""single dominant emotion expressed"". The text explicitly says ""confusing to me"". That is the emotion. Since ""confusion"" is not an option, we need to choose the best fit. I think ""fear"" might be appropriate because confusion can lead to anxiety. But ""sadness"" is also possible. Let's think of common sense: If someone says ""I don't understand how this works, confusing to me"", they are likely frustrated. Frustration is a form of anger. So I'll go with ""anger"". But is that too strong? The tone is mild. Alternatively, ""sadness"" because they are disappointed. Hmm.

Let's check the list: anger, anticipation, disgust, fear, joy, sadness, surprise, trust. Confusion is not there. In many emotion taxonomies, confusion is a cognitive state, not a basic emotion. But we have to pick one. I think the most common mapping in such tasks is to choose ""fear"" because confusion often involves uncertainty and anxiety. But I'm not sure.

Let's see the review: ""I do not understand how this works, confusing to me."" It's a statement of lack of understanding. The sentiment is negative. The emotion could be ""sadness"" because they are expressing a negative reaction. But ""sadness"" implies sorrow, which is not directly expressed. ""Anger"" implies frustration, which is plausible. ""Fear"" implies anxiety, also plausible. ""Surprise"" implies unexpectedness, not really.

I'll go with ""sadness"" as a general negative emotion? Actually, in many sentiment analysis datasets, confusion is often labeled as ""negative"" with emotion ""fear"" or ""sadness"". Let's think of a typical user: They are confused, so they might feel frustrated (anger) or helpless (sadness). I think ""anger"" is more common for frustration. But the word ""confusing"" is not aggressive. I'll choose ""sadness"" because it's a mild negative emotion. However, let's see the instruction: ""single dominant emotion expressed"". The dominant emotion is confusion, which is not in the list. So we need to pick the closest. I'll pick ""fear"" because confusion can lead to fear of using incorrectly. But that's a stretch.

Maybe we can consider that the review is neutral? No, it's clearly negative.

Let's search memory: In some emotion classification tasks, confusion is often mapped to ""surprise"" because it's a state of being puzzled. But surprise is usually short-lived. Here it's a persistent state. I think ""sadness"" is safer.

I'll go with ""sadness"" for emotion. But let's double-check: The review says ""I do not understand how this works, confusing to me."" That is a complaint. The emotion is likely frustration, which is anger. I'll choose ""anger"" because frustration is a form of anger. However, the intensity is low. But the list doesn't have ""frustration"", so anger is the closest.

I'll decide: sentiment NEGATIVE, emotion anger.

But wait, the instruction says ""single dominant emotion"". If the person is confused, they might not be angry. They might just be perplexed. Perplexity is closer to surprise? Actually",,0,anger
130,Five Stars,Pretty easy way to spend thx,5.0,POSITIVE,POSITIVE,True,joy,"{""sentiment"": ""POSITIVE"", ""emotion"": ""joy""}",anticipation,1,joy
131,Love my knives,It is very sharp!,5.0,POSITIVE,POSITIVE,True,joy,"{""sentiment"": ""POSITIVE"", ""emotion"": ""joy""}",,0,joy
132,Was Gauranteed two day delivery. Then received messaged it ...,Was Gauranteed two day delivery.  Then received messaged it was delayed and I should receive in 1-2 more days.  Now it's been four days and still no gift card!  And now I do not have it for when I needed it.,1.0,NEGATIVE,NEGATIVE,True,anger,"{""sentiment"": ""NEGATIVE"", ""emotion"": ""anger""}",anticipation,2,anger
133,Penguin Card Holder,"Adorable card holder, cuter than I expected",5.0,POSITIVE,POSITIVE,True,joy,"{""sentiment"": ""POSITIVE"", ""emotion"": ""joy""}",anticipation,1,joy
134,Verify everything.,"Ordered a few of these last Christmas. One came loaded, the other did not. Niece brought the matter up at a family get together. You can imagine my embarrassment. Bezos got my money and I got a red face. Nice.......",1.0,NEGATIVE,NEGATIVE,True,sadness,"{""sentiment"": ""NEGATIVE"", ""emotion"": ""sadness""}",surprise,2,sadness
135,Three Stars,ok as promised,3.0,NEUTRAL,NEUTRAL,True,trust,"{""sentiment"": ""NEUTRAL"", ""emotion"": ""trust""}",,0,trust
136,Great idea for a gift,Lightning deal.  Delicious ice cream combos made right before your eyes.,5.0,POSITIVE,POSITIVE,True,joy,"{""sentiment"": ""POSITIVE"", ""emotion"": ""joy""}",joy,3,joy
137,Great gifts!,"My daughter's birthday was the 19th, so I bought her a $50 Amazon gift card.  My birthday was the 23rd and she bought me a $50 Amazon gift card!  We both love getting these as we are frequent customers of Amazon, they have everything you need.",5.0,POSITIVE,POSITIVE,True,joy,"{""sentiment"": ""POSITIVE"", ""emotion"": ""joy""}",joy,5,joy
138,Had trouble with every purchase,"Not sure why, but had trouble everywhere I used this card. It worked eventually but I used it a total of 3 places and not a single transaction was straightforward.  I had to return an item that I'd initially purchased with this card and it took about 3 days for the return to post back to the card.",3.0,NEUTRAL,NEGATIVE,False,anger,"{""sentiment"": ""NEGATIVE"", ""emotion"": ""anger""}",trust,2,anger
139,Elegant box,Loved the gifty card box. Very elegant.,5.0,POSITIVE,POSITIVE,True,joy,"{""sentiment"": ""POSITIVE"", ""emotion"": ""joy""}",joy,1,joy
140,the survey was a bit misleading.,the survey was a bit misleading. I was under the impression that by doing the survey I received a gift card,3.0,NEUTRAL,NEGATIVE,False,sadness,"{""sentiment"": ""NEGATIVE"", ""emotion"": ""sadness""}",anger,1,sadness
141,Not great,Not great,3.0,NEUTRAL,NEGATIVE,False,sadness,"{""sentiment"": ""NEGATIVE"", ""emotion"": ""sadness""}",,0,sadness
142,Always on time,Makes everything better when you see that item you want,5.0,POSITIVE,POSITIVE,True,joy,"{""sentiment"":""POSITIVE"",""emotion"":""joy""}",,0,joy
143,Five Stars,Perfect present for college bound grandchild.,5.0,POSITIVE,POSITIVE,True,joy,"{""sentiment"": ""POSITIVE"", ""emotion"": ""joy""}",anticipation,2,joy
144,ACTIVATE MY RECENT PURCHASE OF AMAZON GIFT CARD WORTH OF $2000,I've an Amazon gift card which was ordered through my account. But I cannot use the Gift Card and it is saying to activate the Amazon Gift Card. Please activate my Gift Card.,1.0,NEGATIVE,NEGATIVE,True,anger,"{""sentiment"": ""NEGATIVE"", ""emotion"": ""anger""}",anticipation,4,anger
145,Directions in wrong place,"Nice size and shape. Can easily be added to a holiday card. BUT … The directions for cashing in the gift card are written on the ugly, protective plastic wrapper. The wrapper is removed before giving the gift card so the recipient doesn’t get the directions!!!  The directions for cashing-in the gift card should be written in the decorative cover — not on the disposable wrapper. AND … The directions are wrong!!!  All you need to do is log onto your Amazon account and click on the “Gift Card” tab. Then select “redeem.”  This information should be included on the card-sleeve.",3.0,NEUTRAL,NEGATIVE,False,anger,"{""sentiment"": ""NEGATIVE"", ""emotion"": ""anger""}",anticipation,6,anger
146,Lo recomiendo.,Excelente.,5.0,POSITIVE,POSITIVE,True,joy,"{""sentiment"": ""POSITIVE"", ""emotion"": ""joy""}",,0,joy
147,Card did not work,Somehow the card number was taken and used when my son went to use it the card had a 0 balance and was used to purchase google play 7x in a row. I contacted Amazon customer service and said I would have a refund in 3-5 business days and it’s been over a week and no refund.,1.0,NEGATIVE,NEGATIVE,True,anger,"{""sentiment"": ""NEGATIVE"", ""emotion"": ""anger""}",anger,1,anger
148,Gift card undelivabe,"I wanted my gift card to go family in Italy, but I was not able to have it shipped there for some reason was on your undelivable site.<br />Very disappointed",3.0,NEUTRAL,NEGATIVE,False,sadness,"{""sentiment"": ""NEGATIVE"", ""emotion"": ""sadness""}",anger,1,sadness
149,Such a great gift card tin,Such a great gift card tin! Amazon gift cards are always well received-everyone loves them! Makes gift shopping so easy!!,5.0,POSITIVE,POSITIVE,True,joy,"{""sentiment"": ""POSITIVE"", ""emotion"": ""joy""}",anticipation,4,joy
